0,1,2,3,4,5,6,7,8,9,10,11,12,13,14,15,16,17,18,19,20,21,22,23,24,25,26,27,28,29,30,31,32,33,34,35,36,37,38,39,40,41,42,43,44,45,46,47,48,49,50,51,52,53,54,55
5.626377315750746e-05,-0.0010713923925225227,0.0009367710994894897,0.0010541567550300304,-0.2867604948203155,-0.7522522522522523,0.4978978978978969,0.29174174174174194,0.0006419658294431553,0.00384286816698776,0.003091028433595875,0.0033561421301254767,0.45123005569822455,1.0949244637809028,1.9597134427077367,0.7129569681723665,-0.0018152770000000001,-0.02034737,-0.007360526,-0.0028315790000000003,-2.600866,-6.2,-24.7,-2.6,-0.00029174124999999996,-0.0010223681,-0.001160526,-0.0007315789,-0.49575575,-1.1,0.2,0.0,6.946426e-06,-0.0002473684,0.0006394737,0.0002684211,-0.2647466,-0.7,0.6,0.2,0.000373151225,0.0006526316000000001,0.001739474,0.0009684211,-0.015011485,-0.2,1.1,0.6,0.0075570509999999995,0.002952632,0.01303947,0.02366842,2.541371,2.9,4.9,4.2
-0.012581839038461563,0.20100167683461537,-0.0027903283357692435,0.006095333895192327,2.4747039711538465,-3.6913461538461565,-0.9432692307692337,3.0500000000000047,0.2733538533312735,0.38058134935823434,0.13280134231012364,0.2554591493942761,15.618299272258952,36.536854941881124,143.23236994100566,50.78760838086929,-0.7384219,-0.4115474,-0.2553605,-0.9137315999999999,-48.50636,-78.1,-250.7,-109.9,-0.148712975,-0.017247369999999998,-0.07271053000000001,0.01239342,-3.4921075,-26.974999999999998,-100.35000000000001,-29.575000000000003,0.023104985,0.05935263,-0.020610530000000002,0.060768420000000004,2.654413,-5.95,-2.45,0.4,0.17737307500000002,0.4106026,0.029664470000000002,0.1209934,9.439272,9.225,117.875,35.275000000000006,0.4074334,1.1242530000000002,0.3783395,0.28026840000000003,45.24583,138.1,229.8,104.0
0.0013951562682051283,0.008642375025641027,-0.025491299128205133,-0.009616194894871795,-0.8365511266666668,-2.1923076923076925,-5.251282051282052,-0.5153846153846152,0.003185433266624284,0.002048464044522441,0.00695845416508665,0.005116101881426313,1.9085744797200563,2.02502561587237,7.148789805380452,2.2927274566078286,-0.001841499,0.003252632,-0.03556053,-0.01603158,-4.450728,-6.0,-27.3,-6.4,-0.0011219255,0.007252632,-0.030610529999999997,-0.01438158,-1.9062670000000002,-3.5,-5.3,-1.6,0.00028042599999999996,0.008352631999999999,-0.02586053,-0.01003158,-0.734338,-2.3,-2.5,-0.2,0.0034602925,0.01025263,-0.02251053,-0.005481579,-0.21359260000000002,-1.5,-1.4,1.3,0.01228915,0.01225263,-0.009360526,0.001668421,3.113698,5.8,2.2,3.6
-0.0305291540105263,0.2651579161473685,0.03875527164210527,0.00545155843157892,1.0046530137894738,-10.470526315789476,1.6084210526315752,-3.0621052631579007,0.3079382952345187,0.46762833659649905,0.17294310344261435,0.30527359200729964,18.718185559066793,46.34617401107373,175.77132670044222,59.233729571292166,-0.8382171,-0.4028474,-0.1458605,-1.026732,-64.20774,-112.2,-281.3,-163.0,-0.18471735,-0.01599737,-0.07961053,-0.0031315790000000002,-6.7613495,-35.9,-145.45,-45.75,0.02640218,0.08745263,-0.03036053,0.05246842,-0.829781,-2.7,2.8,-8.5,0.15986614999999998,0.42555259999999995,0.09158947,0.1488184,10.827585,7.5,190.55,34.35,0.48598630000000004,1.5862530000000001,0.5884395,0.3544684,48.40526,124.1,244.2,115.9
0.0028231024155555553,0.0036748539111111107,0.0032922508555555553,0.0017434208944444442,-1.2888545213888887,-4.213888888888889,-8.63888888888889,0.08333333333333326,0.007962180821923263,0.006306418529357931,0.00793763054743806,0.005974917610071536,2.63528783500236,3.802041014115428,13.192016585317864,2.128379665379276,-0.006256174000000001,-0.0062473680000000005,-0.01956053,-0.005231579,-4.041036,-9.6,-40.3,-4.1,-0.002550678,-0.0007973682999999999,-0.0017355260000000003,-0.0028315790000000003,-2.8495045,-8.025,-16.275000000000002,-1.6,-4.390966999999999e-05,0.004252632,0.001639474,-0.001081579,-2.1055785,-4.1,-4.0,0.5,0.006845531249999999,0.007177632,0.008289474,0.007068421,-0.959863475,-1.1749999999999998,2.1750000000000003,1.6250000000000002,0.02315896,0.01695263,0.01683947,0.01596842,6.212591000000001,5.5,5.7,2.9
-0.018835876912087914,0.3070592514505494,0.07020981535934066,0.042600265110989,12.297216860439564,-1.5780219780219777,-1.882417582417569,5.89450549450549,0.34766699535472834,0.5322744296808407,0.2723250014577449,0.33319918355215145,27.737848263035723,45.518762437282206,187.59718642370504,68.95046428437247,-0.9782445,-0.4575474,-0.2927605,-1.095432,-52.24942,-92.6,-290.5,-139.5,-0.191488,-0.01719737,-0.07636053000000001,0.02136842,-1.667327,-20.25,-181.55,-33.8,0.03005441,0.1566526,-0.01416053,0.12246839999999999,6.821385,-1.1,0.1,-2.9,0.21924325,0.5458525999999999,0.1771895,0.2042684,30.225125,17.7,189.95,62.400000000000006,0.5627691999999999,1.713253,0.9310395,0.4080684,67.1372,149.4,274.7,147.8
0.001464287454054054,0.0030742532648648643,-0.0070416095837837825,-0.0009504981567567585,-1.617593831891892,-1.2189189189189193,-4.489189189189189,-1.878378378378378,0.005562831671761325,0.00605048777481235,0.015403532781422324,0.008191996181069718,1.6244948603766898,3.664532548470378,9.96844420558594,3.0772584421071163,-0.004133679,-0.004447368,-0.02906053,-0.01503158,-4.447146,-7.2,-32.4,-10.2,-0.002538338,-0.0026473679999999998,-0.02276053,-0.007831579,-2.6640040000000003,-3.6,-11.0,-4.1,0.00011450530000000001,0.002852632,-0.0048605259999999996,0.001968421,-1.6259709999999998,-1.2,-1.6,-0.8,0.002937553,0.007152632,0.005939474,0.004668421,-0.9183308000000001,0.2,3.2,0.4,0.019281,0.01465263,0.01553947,0.02126842,2.4951849999999998,9.9,7.0,2.1
0.013724928303333326,0.3514837736177779,0.05574615144444442,0.05831839070000003,4.265226733333334,-8.62444444444445,2.2744444444444323,4.546666666666674,0.35410838343482054,0.5548448170911412,0.2177974551631717,0.3588839110572656,29.41124756251647,60.46191913442895,183.52174874091583,65.77116645672821,-0.8844851,-0.4930474,-0.2740605,-1.144232,-70.54847,-122.8,-292.9,-112.3,-0.17180252499999998,-0.03369737,-0.08043553,0.02886842,-9.162771000000001,-43.875,-121.525,-44.025000000000006,0.035065705,0.1866526,-0.0013105259999999998,0.1404684,1.1570995,-9.100000000000001,-1.8,3.3000000000000003,0.25009420000000004,0.6713276,0.1183895,0.22204339999999997,13.098005,15.275,183.09999999999997,50.475,0.5763014,1.682353,0.5910395,0.5211684,121.6509,175.5,270.2,141.3
0.0016020059352941179,0.00215557274117647,-0.020657588705882357,-0.0031698143985294134,-0.0869479617647058,-1.6352941176470583,-8.752941176470587,-0.6558823529411766,0.006363008145917276,0.006478377644762965,0.006734285455017614,0.00525172499411609,2.9972666679659796,4.469687966394751,8.92345344529652,3.912930481804746,-0.004531105,-0.005647368000000001,-0.03486053,-0.01063158,-3.439547,-8.5,-36.4,-7.9,-0.0032364125,-0.002322368,-0.024510530000000003,-0.006381579000000001,-1.45873775,-4.1,-10.649999999999999,-3.05,-0.0007696748,-0.0003473684,-0.02026053,-0.004481579,-0.8771464,-3.4,-5.9,0.30000000000000004,0.0045204089999999995,0.005977631999999999,-0.01556053,-5.6578937499999994e-05,-0.193062475,0.6,-2.425,1.4,0.01918522,0.01665263,-0.006460525999999999,0.01276842,9.843078,9.7,-1.0,8.1
-0.0008444167666666676,0.33114600176866665,0.021358373533333343,0.06721394315666669,4.2233250084444425,-10.705555555555556,1.5733333333333377,3.1755555555555595,0.35108627984103724,0.6081757385981758,0.20683292695713973,0.4085688363957905,34.423655688746294,47.9190430610852,188.32433581636275,72.80345607167303,-0.9399707,-0.5515474,-0.2802605,-1.298032,-60.113980000000005,-121.6,-333.3,-157.1,-0.18552795,-0.04064737,-0.09801053,0.022218420000000003,-13.6712375,-35.625,-153.725,-55.425000000000004,0.029336845,0.08565261500000002,-0.019260529999999998,0.1312684,-0.3159629,-6.7,-2.2,-0.8,0.25302392500000004,0.5847276,0.08098947000000001,0.27061840000000004,12.8176,8.725000000000001,177.875,58.3,0.6183464,1.9394529999999999,0.6471395000000001,0.6169684,113.6246,109.0,285.1,187.3
0.005911884754838708,0.008594566554838711,-0.013844399816129031,-0.0009509342080645167,0.9407966241290321,0.08387096774193473,-14.283870967741937,-1.8935483870967742,0.009739665081819416,0.004554394465884868,0.010545619870720984,0.010797420030765923,3.8479413195034486,6.3342506409831705,16.526263880546697,3.9731545388075844,-0.0042352679999999995,0.0008526316000000001,-0.02996053,-0.01543158,-2.600981,-8.1,-62.9,-10.5,-0.0020130735,0.004652632,-0.02076053,-0.009631579,-1.0521345,-3.8499999999999996,-22.049999999999997,-4.4,0.0016271929999999999,0.009452631999999999,-0.01696053,-3.157895e-05,-0.5490976,-2.2,-8.8,-1.1,0.013563945,0.01225263,-0.005510526,0.002618421,0.93685762,4.9,-1.35,0.8500000000000001,0.02706023,0.01625263,0.0047394740000000005,0.02636842,11.594560000000001,15.8,2.0,3.5
-0.01901223536781611,0.3575687516275862,0.040023391671264404,0.0502408007367816,-0.1589374227586217,-8.903448275862072,3.3264367816092024,1.4494252873563225,0.39138719559968876,0.5834595856050601,0.20371584336580129,0.4130642261300572,25.340814388922542,53.21348501997526,198.72538517153373,72.91712223327349,-1.0802100000000001,-0.5325474,-0.3028605,-1.272332,-55.16169,-106.1,-324.2,-164.5,-0.2099759,-0.01754737,-0.07521053,0.01506842,-14.060385,-36.8,-161.2,-46.65,0.030968,0.23455259999999997,-0.01406053,0.1349684,1.1940899999999999,-6.0,-2.1,2.5,0.27587085,0.6399526,0.1170895,0.2515184,12.216194999999999,14.75,196.75,62.95,0.5709311,1.839653,0.5583395,0.6028684,65.96136,158.4,300.1,151.3
0.0022425336920263157,0.010892104515789473,-0.011428949173684207,-0.007086842631578945,-0.5478095052631582,-1.197368421052631,-6.007894736842106,-1.0842105263157895,0.008126841228843792,0.006576432907634744,0.01000729924290918,0.011039969244692468,2.9765394154214047,4.462909415974297,13.18082927258162,3.2626905093628173,-0.004149175,0.0008526316000000001,-0.02816053,-0.02033158,-4.590372,-5.9,-51.7,-10.0,-0.0029120717500000005,0.005052632,-0.02028553,-0.01618158,-2.32042475,-3.975,-9.525,-3.3,-0.00023629146150000002,0.01100263,-0.01126053,-0.006081579,-1.1670635,-1.75,-2.1500000000000004,0.0,0.00342987875,0.016002629999999997,-0.003510526,-0.0036565790000000005,0.745475325,-0.32499999999999996,2.7749999999999995,1.6,0.0321372,0.02105263,0.004239474,0.03236842,8.502953999999999,13.7,5.9,3.1
0.003163483238636346,0.3288856139454547,0.011681532954545477,0.05976157345454544,5.470742383863634,-4.770454545454547,0.7227272727272815,5.644318181818184,0.3409629640560999,0.5694639848063632,0.21068727537682386,0.4017385320781021,55.8945672459897,55.79936587430832,189.46431364296714,84.52854630099625,-0.9036549999999999,-0.6246474,-0.3490605,-1.216732,-91.43741,-107.3,-329.7,-184.1,-0.148404325,-0.03112237,-0.11653550000000001,0.01234342,-21.699875,-24.775,-171.25,-28.825000000000003,0.039197595,0.2087526,-0.01496053,0.16376839999999998,-0.29235275,0.8500000000000001,3.45,0.35,0.27572782500000004,0.5835276,0.0936894775,0.2367434,16.58222,20.975,151.29999999999998,22.200000000000003,0.5222571,1.757453,0.6280395000000001,0.6580684,157.1217,132.0,294.7,242.7
0.0012997003305555554,-0.004008479633333333,0.010275582616111108,0.0065295318194444445,-1.0001928513888891,-2.8805555555555564,-2.683333333333334,0.36666666666666653,0.005446192610757549,0.005967449329960964,0.011613467793698687,0.004527899001520295,0.939214413334712,3.574898155947498,6.962901693977877,4.110960958218893,-0.0047014,-0.01184737,-0.02296053,-0.0014315789999999999,-3.958711,-8.7,-23.0,-15.8,-0.0026499979999999998,-0.0096723685,0.0017644739250000001,0.003293421,-1.2902565000000001,-5.1499999999999995,-7.4750000000000005,-0.9,-0.00040696655,-0.004847368,0.01128947,0.006218421,-1.0598435,-3.3,-0.35,0.9,0.00364061175,0.002402632,0.02066447,0.01109342,-0.368817025,-0.475,2.725,2.6500000000000004,0.01790022,0.004652632,0.02523947,0.01526842,0.7105604,9.0,4.3,5.7
-0.018906890806451613,0.2882053460172042,0.05509217322258064,0.05034043402150536,-0.8015080225806436,-7.682795698924727,-0.4784946236559249,3.6677419354838725,0.3390072598472035,0.5311294036919857,0.18716537932182614,0.3457697099559211,35.605320017195844,48.5564208436185,184.26915796185227,75.81644045824602,-0.9305334999999999,-0.4466474,-0.3237605,-1.161032,-78.76561,-99.9,-321.0,-152.4,-0.1627897,-0.05304737,-0.06166053,0.03086842,-18.99761,-40.5,-139.9,-38.2,0.02791752,0.10795260000000001,0.02363947,0.1318684,-0.8131807,1.0,2.9,-2.0,0.2272866,0.5114526,0.1661395,0.2012684,12.8406,15.9,176.7,49.7,0.5711335999999999,1.759753,0.5738395000000001,0.3998684,92.24469,123.9,268.7,165.2
0.0034199971774999996,0.0017401317294999997,0.0027219719620000028,0.003860920959999999,0.1602221857499999,-2.0324999999999998,-7.6825,0.22749999999999967,0.00858869960357579,0.006374073101761778,0.016776538747660913,0.005730726173021522,1.2684335236873197,5.825733694301781,12.111424729335479,5.479799149416766,-0.004225324,-0.005347368000000001,-0.04326053,-0.004131579,-2.182591,-8.8,-47.3,-17.2,-0.00254957825,-0.004147368,0.00031447369500000005,0.00014342110000000003,-0.6613868,-6.324999999999999,-15.525,-1.1,-8.013350000000003e-06,0.0008026317900000001,0.005789474,0.003368421,0.1192976,-2.2,-2.7,2.1,0.006787391,0.004602632,0.01478947,0.006218420999999999,0.8320867999999999,-0.3,1.45,3.925,0.02962616,0.01705263,0.01943947,0.02666842,2.715955,15.1,4.4,5.0
0.0004268815287356349,0.3363009343908045,0.030105000275862062,0.02833276441494256,3.3696176275862073,-7.135632183908045,1.1586206896551612,2.104597701149423,0.34735498803536397,0.5277117899386431,0.18202921145938367,0.36256554532799984,28.393430615141547,46.319208374294114,187.97550592027238,67.91230136204899,-0.9004279000000001,-0.49704740000000003,-0.2417605,-1.185132,-56.26891,-98.9,-297.1,-140.9,-0.19438665,-0.02874737,-0.07401053,0.01901842,-11.546445,-36.45,-162.45,-37.45,0.03571718,0.23545259999999998,-0.007260526,0.1157684,-1.285834,2.0,5.9,-6.3,0.26813705,0.5750025999999999,0.07558947,0.1905184,10.413356,13.6,174.7,54.900000000000006,0.6308444000000001,1.6477529999999998,0.6320395000000001,0.4810684,83.01309,103.7,274.5,162.1
0.0044153741510638295,0.003918588765531914,0.003871386668085107,0.0034833145638297875,-1.3836349531914893,-1.368085106382978,-3.831914893617021,-1.4999999999999998,0.009790480813589525,0.006154964851329804,0.014561146954150126,0.010795892263145593,1.5596194660876948,5.5928567166939835,12.523492817118775,6.018197043315706,-0.004507177,-0.01144737,-0.04416053,-0.0067315790000000006,-4.695114,-9.0,-66.5,-20.2,-0.0015101239999999998,-0.0003473684,0.002389474,-0.0005315789,-1.8863860000000001,-4.3,-6.2,-2.55,0.0009265256,0.003352632,0.0077394740000000005,0.0005684211,-1.06459,-2.0,1.1,0.4,0.0056635105,0.01030263,0.01193947,0.004968421,-0.66795475,-0.8,2.6,1.35,0.04071957,0.01205263,0.02743947,0.05546842,4.906086,18.5,6.9,5.7
-0.01714415690909092,0.27875946836363635,0.03770880056136364,0.031585441421590914,3.248485305681818,-7.480681818181815,1.5238636363636244,3.9500000000000024,0.3289543832367961,0.4740118425117318,0.17878038929092696,0.3339967872082258,30.53440534555791,47.426921056601294,174.91810497192589,69.58531024791692,-0.9329965,-0.5020474,-0.2468605,-1.071532,-67.29951,-108.2,-292.6,-146.4,-0.176417425,-0.038372369999999996,-0.06836053,0.011918419999999999,-11.4583425,-33.375,-145.325,-40.775000000000006,0.041243875,0.15770260000000003,-0.00101052615,0.1273684,0.025469500000000034,-2.65,-0.2,4.9,0.22923485000000002,0.5270026,0.08351447749999999,0.19009340000000002,12.955337500000002,19.25,169.125,36.474999999999994,0.45798710000000004,1.451553,0.6267395,0.4295684,93.07873000000001,106.2,254.5,168.2
0.03421221764861539,0.04770801169230769,-0.03833591356923078,0.027206877369230772,-1.161117528769231,-3.6353846153846137,-63.25846153846154,-14.21230769230769,0.07571015334331002,0.11873969746853544,0.022155414248990122,0.06776715022447782,12.06296006755138,11.832785898315942,93.38641311157718,27.169770125156493,-0.001936205,-0.04394737,-0.12126050000000001,-0.01973158,-47.41493,-47.0,-276.0,-81.2,6.614316e-05,0.009752631999999999,-0.04926053,-0.01753158,-0.1336788,-4.7,-81.8,-16.6,0.002513149,0.01505263,-0.02706053,-0.01093158,0.6772968,-3.0,-8.2,1.3,0.03211116,0.02175263,-0.02466053,0.05836842,2.315944,-0.3,-3.1,2.0,0.3404917,0.5376526,-0.0074605259999999994,0.1820684,15.18264,18.6,-1.2,7.1
-0.027542175083333332,0.27931598406666674,0.13612115773333336,0.06155673706666667,-52.76597826333333,-38.726666666666674,78.69999999999997,-14.535000000000002,0.2986933732107319,0.49692618696849705,0.2975930987657331,0.304235562937205,49.21511928214715,82.09026628784339,131.82446854994174,61.257466718870766,-0.5953013,-0.5898474,-0.2550605,-0.7196315999999999,-120.8127,-174.4,-214.4,-190.6,-0.31912425,-0.01969737,-0.1133605,0.002843421,-87.8039625,-108.225,-2.125,-36.075,0.023031265,0.2308526,0.08123947000000001,0.1321684,-65.288905,-42.3,72.55,4.85,0.224858575,0.49692759999999997,0.2554895,0.24951839999999997,-1.163692175,0.675,198.97500000000002,17.925,0.4034458,1.284253,0.8661395000000001,0.44656840000000003,75.53331999999999,131.3,256.2,68.2
0.0035921070298701304,0.006335748270129869,-0.02388260555844156,-0.0033783325818181813,-42.68600390649351,-28.13376623376623,-2.7662337662337664,-33.0974025974026,0.0058740819632823165,0.005820932491622876,0.03194538287031828,0.010346313717899748,84.83137596448265,54.671787707694,7.084650019020187,65.40636532283136,-0.00274584,-0.005647368000000001,-0.1137605,-0.02223158,-248.1509,-159.6,-24.6,-191.7,-0.000569828,0.002552632,-0.02736053,-0.009731579,-6.862036,-5.7,-3.8,-14.6,0.002979297,0.005452632,-0.01666053,-0.006831579,-4.108818,-4.3,-2.6,-2.1,0.005013813,0.01205263,-0.01076053,0.0029684209999999997,-1.6739549999999999,-3.3,-1.4,0.6,0.02939343,0.01855263,0.02873947,0.03896842,2.5789020000000002,8.8,17.0,6.4
-0.005711227666666677,0.08942344791666666,0.19252698970833337,-0.011933676562499995,-176.73980065833325,-115.54166666666667,42.06458333333333,-126.17708333333331,0.11600663100904028,0.21563517183153386,0.16871155301262913,0.21833208492185469,155.11656310000237,98.33097136242483,78.52986825618221,114.31086625734032,-0.3072364,-0.1510474,-0.1071605,-0.5041316,-358.8438,-265.8,-156.8,-266.9,-0.050722635,-0.059397370000000005,0.05098947,-0.1545066,-335.4474,-205.62499999999997,-7.75,-236.72499999999997,0.02368365,-0.006447368,0.1715395,0.039918419999999996,-232.43869999999998,-145.75,17.95,-157.14999999999998,0.06027477,0.22087759999999998,0.36753949999999996,0.1529934,-1.1582084,-11.424999999999999,123.125,-0.024999999999999967,0.26216459999999997,0.6023526,0.42863950000000006,0.2664684,16.8743,22.1,156.5,51.9
-0.0031063551904109577,-0.004037779309589041,-0.02216463942465753,0.0026944483260273972,-0.42966571753424704,-2.4095890410958916,-5.642465753424657,-0.3726027397260273,0.009189391991170118,0.006420456925157956,0.011185710799461693,0.009146508385008257,3.330041208603366,3.1018437341344813,14.806848244873976,3.1559142131160582,-0.01143528,-0.02274737,-0.05606053,-0.01263158,-5.078393,-6.4,-76.1,-9.8,-0.009691969,-0.007347368000000001,-0.02446053,-0.001131579,-2.508607,-4.5,-5.7,-3.4,-0.004033651,-0.005047368,-0.01886053,0.0006684211,-1.400989,-2.9,-0.4,0.2,-0.001491185,-0.0014473679999999999,-0.01536053,0.004168420999999999,1.5534430000000001,-0.8,1.7,1.4,0.04084978,0.02285263,-0.008860526,0.05666842,10.55115,8.7,4.5,4.6
-0.01518693292584272,0.2582402907370786,0.04691589055842695,0.041859403214606725,-34.003462548314594,-30.032584269662912,7.849438202247198,-11.514606741573026,0.3372403606300714,0.49755000937237437,0.17251428292162135,0.38818582790032574,53.18018217074707,44.59463832244068,159.48851207104335,46.224333297128744,-1.1114600000000001,-0.5462474,-0.1912605,-1.253232,-166.9299,-140.7,-242.9,-161.1,-0.1131468,-0.03504737,-0.05356053,-0.01793158,-81.13194,-72.5,-133.5,-31.8,0.04874006,0.10455260000000001,-0.01186053,0.14886839999999998,-5.681624,-16.0,0.2,-1.3,0.2289768,0.5026526,0.1422395,0.2850684,0.9860991,-4.1,147.9,6.1,0.4030296,1.5316530000000002,0.6075395,0.49186840000000004,89.5708,51.9,259.6,84.3
-0.020139978114285712,0.015641201885714287,-0.04347767285714285,-0.019257294057142858,-0.9777768828571427,-0.6142857142857143,-4.085714285714286,-2.0914285714285725,0.004189716320254348,0.0053175491538898206,0.01649259166510627,0.008915464152666376,4.408017771760557,3.0611553813727848,10.153676322256036,3.5577067488656744,-0.02572187,0.007352632,-0.06246053,-0.03063158,-7.320678,-5.1,-31.6,-7.8,-0.023265135,0.01065263,-0.060110529999999995,-0.02753158,-5.3573615,-3.5,-10.3,-5.75,-0.02009407,0.01665263,-0.04566053,-0.02183158,-1.370676,-0.9,-0.5,-1.4,-0.018175499999999997,0.02050263,-0.02851053,-0.01068158,1.6455289999999998,2.15,4.2,1.15,-0.005967384,0.02245263,-0.01736053,-0.006931579,7.5070380000000005,4.4,7.2,2.3
-0.04950236554255318,0.31895052912340427,0.0037767193765957403,0.018687544362765957,2.4074642309574465,-7.340425531914893,2.3393617021276722,-2.1244680851063866,0.41039496355123545,0.5148809141754944,0.19310268132333044,0.3351091604321839,30.58608909539589,42.34259229661808,179.99565240752258,71.63917004822079,-1.4188889999999998,-0.4028474,-0.2625605,-1.165632,-107.1654,-100.9,-294.6,-188.5,-0.16366502500000002,-0.0106973695,-0.1126855,0.004343421,-9.50209625,-24.675,-151.775,-46.475,0.031657895,0.16280260000000002,-0.04196053,0.08286842,2.522584,-0.9500000000000001,-0.44999999999999996,-3.9,0.2116304,0.5587776,0.04401447,0.1600684,23.421235000000003,14.624999999999998,181.2,54.974999999999994,0.5112122,1.731553,0.6379395,0.3898684,76.63694,88.2,271.6,142.8
-0.023284259495454544,0.02141853917272727,-0.03462189363636364,-0.015483852636363643,4.367064761363636,-1.6386363636363652,-18.286363636363635,0.09090909090909106,0.020401160841564243,0.006396362962856358,0.010021609579422252,0.0178685704738831,7.197659494187762,5.663765528137328,26.908912597260766,3.204344302684715,-0.03564989,0.00035263160000000005,-0.05686053,-0.02853158,-2.0613189999999997,-7.0,-111.6,-9.9,-0.034087757499999996,0.02025263,-0.04061053,-0.02443158,-0.377782475,-5.425000000000001,-20.375,-0.42500000000000004,-0.03186858,0.02180263,-0.033010529999999996,-0.02163158,1.18263,-3.9,-5.05,0.2,-0.025949504999999998,0.02405263,-0.02873553,-0.01543158,7.117164,-0.475,-3.45,2.4499999999999997,0.05033733,0.03265263,-0.01136053,0.05736842,23.799139999999998,15.2,-0.2,3.8
-0.07682303560722895,0.3969996534407228,-0.003297860096385551,0.0013719860855421475,4.040896718192772,-11.634939759036149,8.301204819277112,3.7120481927710838,0.513189418512611,0.5828316917159301,0.21260748289122686,0.44892851935431827,43.09214646289757,37.35847255499973,192.69868523478215,77.80049751798782,-1.5612270000000001,-0.5071474,-0.2493605,-1.342032,-90.44338,-84.3,-322.2,-172.7,-0.1536939,-0.010547369000000001,-0.1500105,-0.004381579,-26.997275000000002,-37.5,-167.85,-54.7,0.05942338,0.3272526,-0.04846053,0.11036839999999999,3.363034,-9.2,0.2,-5.6,0.22377045,0.6706026,0.08123947000000001,0.22976839999999998,26.00531,3.65,183.55,40.9,0.6381238,1.7945529999999998,0.6355395,0.5441684,109.5468,75.6,285.4,180.8
-0.025975203673913042,0.019789586565217388,-0.0401409647826087,-0.015696797347826082,3.1956769467391304,-0.5891304347826081,-13.878260869565217,-0.20434782608695676,0.018438504276374272,0.005225848398033293,0.010371298420056884,0.014042130588329899,5.586091059538234,5.548222068008997,21.942793431440748,3.6403880453562842,-0.03648084,0.005452632,-0.06266053,-0.02423158,-2.938677,-7.8,-96.9,-9.5,-0.034835187499999996,0.016902630000000002,-0.04576053,-0.02338158,-0.289876525,-3.6,-17.8,-2.0,-0.033872945,0.01900263,-0.04156053,-0.01948158,1.9272110000000002,-2.1,-4.1,0.6,-0.0286443075,0.022802629999999997,-0.03116053,-0.01733158,4.95235775,-0.425,-0.9750000000000001,1.8749999999999998,0.04252085,0.03065263,-0.02556053,0.04506842,19.94878,16.8,2.0,6.5
-0.05562612537078657,0.3257358050516854,-0.017923431707865176,0.026466147044943874,5.09385721797753,-8.77078651685393,5.814606741573034,4.673033707865169,0.4554267559513491,0.5387121844865173,0.1975071992855186,0.3755601343146713,33.44325131488602,44.208134284024716,184.99727427387694,71.88350702864662,-1.5712059999999999,-0.4660474,-0.2641605,-1.248132,-76.48393,-87.7,-315.5,-121.1,-0.1525424,-0.006947368000000001,-0.1575605,0.0032684209999999997,-5.136228,-32.1,-157.4,-56.9,0.01989097,0.1795526,-0.06236053,0.08996842,2.081008,-3.8,3.1,-2.4,0.2251493,0.6091525999999999,0.05373947,0.21946839999999998,16.30861,7.0,177.9,64.5,0.6199395999999999,1.759353,0.5522395,0.4881684,109.454,121.4,271.1,162.6
-0.022223253459459462,0.010182360864864865,-0.021774042464864866,-0.0019964443486486503,3.2769439432432437,-0.2567567567567567,-20.354054054054053,-1.202702702702703,0.024701110401649184,0.0049436181104756905,0.01737955747192022,0.018028992360872353,6.576874411227481,6.954756187935969,29.838319830887436,4.897589343889643,-0.04242905,0.001252632,-0.06076053,-0.02573158,-5.3329379999999995,-6.9,-111.1,-17.6,-0.03998928,0.005952631999999999,-0.03896053,-0.01343158,-1.411469,-5.5,-33.3,-3.8,-0.03352512,0.0076526319999999995,-0.01446053,-0.004331579,0.5984111,-1.8,-8.1,1.1,-0.01376544,0.01565263,-0.008560526,0.004168420999999999,9.989056,0.1,1.0,1.8,0.05073681,0.01795263,-0.0001605263,0.05536842,15.29146,17.6,6.9,3.9
-0.061105025517647016,0.34828677701176464,-0.0005534571764706162,0.035288390871764705,0.5629316764705908,-10.485882352941179,7.867058823529422,6.392941176470585,0.4761044923584038,0.5478824486627887,0.20582378297997925,0.3917120474790156,47.344147066983304,42.22983923872847,185.16640288968094,78.08308271785054,-1.5366950000000001,-0.5206474,-0.3211605,-1.167332,-93.24665,-93.4,-298.2,-151.7,-0.16245520000000002,-0.006147368,-0.1037605,0.01346842,-27.000809999999998,-30.2,-149.3,-54.9,0.06106416,0.22715259999999998,-0.04996053,0.1283684,-3.9052910000000005,-2.8,5.3,-1.8,0.2252385,0.5763526,0.05813947,0.2269684,11.42455,11.4,192.8,56.6,0.5974557,1.698953,0.6925395000000001,0.5473684,132.2724,88.4,272.8,188.1
-0.01851417615909091,0.007970813181818184,-0.02921734818181818,-0.002022488318181819,2.3552208315909087,-0.6227272727272734,-15.802272727272726,-0.8863636363636367,0.022174264290415947,0.007390165131999757,0.01660298933195077,0.018076527243026105,4.261371648566909,7.541077081677196,25.39073708261162,5.474999879328485,-0.03383732,-0.01874737,-0.06986053,-0.01043158,-1.402756,-6.9,-107.4,-15.7,-0.03138044,0.005127632,-0.03178553,-0.009281579,-0.360440925,-5.35,-15.975,-0.2,-0.029615330000000002,0.0076526319999999995,-0.025210530000000002,-0.007531579,1.2970575,-3.7,-5.95,0.95,-0.0175552,0.01022763,-0.01791053,-0.006131579,3.4103142500000003,-1.4749999999999999,-0.4,2.8,0.05513351,0.02295263,-0.01036053,0.07536842,16.846610000000002,18.8,0.9,4.0
-0.05321684282842102,0.3047831787536842,0.024228959284210552,0.015476815831578897,1.1800784631578942,-8.803157894736833,7.8642105263157775,1.2663157894736785,0.422423349040982,0.4884921167122417,0.19525256092172122,0.35636184878823396,30.763069546270952,44.85672807674898,171.5172870859288,67.68636622283995,-1.4163709999999998,-0.4399474,-0.2872605,-1.192032,-89.32788000000001,-117.3,-300.1,-173.2,-0.15317,-0.012997370000000001,-0.09426053,0.01751842,-5.596585,-29.45,-126.5,-46.0,0.03545948,0.1755526,-0.02616053,0.08976842,0.7153353,-1.5,4.0,-2.7,0.23242705000000002,0.5575026,0.1142895,0.17231839999999998,15.43608,9.45,163.85,67.9,0.4857709,1.5439530000000001,0.5926395000000001,0.4179684,58.985130000000005,122.3,261.4,130.0
-0.014325748264705881,0.0022261609635294112,-0.020957587565294117,0.002183126729411764,-0.20039168661764717,-0.7382352941176471,-12.744117647058822,-2.661764705882353,0.019767578348696985,0.007123001521064307,0.01887641723709276,0.01484367268552167,2.380484805894328,8.835500524515663,19.074402825180528,7.095197466911978,-0.03030793,-0.01514737,-0.06086053,-0.01303158,-3.181161,-9.0,-82.1,-20.7,-0.0283027225,-0.002522368,-0.02883553,-0.003981579,-1.3810635,-6.675000000000001,-15.149999999999999,-1.8,-0.02176762,5.2631580000000005e-05,-0.016810529999999997,-0.0007815789499999999,-0.6481737999999999,-3.75,-7.199999999999999,0.44999999999999996,-0.010400345,0.0060526320000000005,-0.007235526,0.0004934211,0.232007875,-1.6,-0.7,1.725,0.04690726,0.01725263,0.00043947370000000003,0.06196842,9.691889999999999,23.4,4.3,2.6
-0.03688349876086955,0.3103091744347827,0.00918296380434783,0.006698832695652175,8.419371889130431,-4.343478260869563,2.9119565217391123,8.048913043478265,0.3862490987500644,0.450953741309491,0.19302421838624315,0.31919315414487537,35.87545020269775,50.833426106714235,173.29192028392552,69.16944554214484,-1.24845,-0.4162474,-0.2475605,-1.067232,-72.34894,-131.3,-298.7,-115.4,-0.15855957499999998,-0.02132237,-0.1127605,0.001168421,-7.822019750000001,-23.15,-142.875,-43.775000000000006,0.061450785,0.2219026,-0.04681053,0.10241839999999999,5.6687645,-5.25,1.6,2.5999999999999996,0.223009475,0.5475776,0.08191446999999999,0.15494339999999998,33.62132750000001,16.825000000000003,168.60000000000002,79.55,0.5053849,1.342953,0.5698395,0.36986840000000004,112.9567,158.8,245.5,123.7
-0.015109434262500002,0.02307012999999999,-0.029513029999999996,-0.01895407995,0.45334052775000017,-1.5525,-10.2575,-0.8099999999999999,0.00929930809026621,0.0069395147802000815,0.00870131105653419,0.0076261860375439845,1.9798758998538,5.396246915146746,9.624698130464358,5.4149271368538185,-0.0227797,0.01285263,-0.04776053,-0.02913158,-4.021271,-7.1,-44.9,-14.0,-0.019350435,0.016577630000000003,-0.03598553,-0.02623158,-0.19486689999999998,-5.3999999999999995,-11.8,-4.625,-0.01874692,0.02195263,-0.02816053,-0.01823158,1.075082,-3.7,-6.65,1.85,-0.0148434225,0.028852629999999997,-0.02316053,-0.01345658,1.8287415,0.025,-5.975,3.525,0.01804542,0.03445263,-0.01636053,0.004468421,3.028819,13.4,-1.9,5.4
-0.017081693888888905,0.2710382101511112,-0.03245718444777775,0.024375067144444474,-0.17459118062222062,-12.657777777777774,7.222222222222226,-1.9233333333333307,0.3668607883325488,0.45418394402651113,0.16977128492603957,0.3128408207573928,33.120094583521606,58.810906230353694,171.5886960852018,64.8687075924833,-1.176008,-0.3774474,-0.2967605,-1.068332,-113.0446,-133.6,-285.4,-124.7,-0.13146750000000001,-0.01332237,-0.12361049999999998,0.01904342,-11.6724775,-46.949999999999996,-156.9,-50.7,0.053060515,0.08720261500000001,-0.05561053,0.08251842000000001,1.5149965,-8.100000000000001,5.25,-9.6,0.234130575,0.5088275999999999,0.008289474,0.1671434,22.844967500000003,7.7749999999999995,181.22500000000002,57.425,0.4997602,1.361953,0.5338395,0.4841684,46.9651,152.4,247.3,120.6
-0.016897102630434778,0.003915675156521739,-0.013112702006956523,-0.0011815790239130435,-0.8871690199999999,-2.054347826086955,-5.206521739130435,-1.0391304347826087,0.010671016091718175,0.0053604041584342154,0.013904289061883101,0.005866353998467308,1.2375520767473436,5.452734544213741,9.738729147616132,4.554288736314355,-0.02468006,-0.002347368,-0.04496053,-0.007531579,-3.178944,-9.3,-43.7,-14.1,-0.023472462500000003,-0.00039736839999999997,-0.01853553,-0.004506579,-1.800639,-4.6000000000000005,-10.3,-1.3249999999999997,-0.022080195,0.002602632,-0.010260528,-0.0021315789999999998,-0.9478889,-2.85,-0.5,0.2,-0.013987692500000001,0.006852631999999999,-0.0030605259999999996,0.00034342110000000004,-0.09647524000000002,-1.875,1.5000000000000002,1.5750000000000002,0.02112264,0.01885263,0.01683947,0.02646842,1.527393,15.1,4.0,3.9
-0.008351765989361708,0.2786600951702127,-0.002991364726595745,0.00937160110638299,8.258509873404252,-4.408510638297868,0.20212765957447001,4.978723404255331,0.32377641118932476,0.4309738419484782,0.20684728521786286,0.2792961227818806,28.420245814843096,56.237953853887056,161.447977558686,65.45352594450382,-0.993625,-0.3476474,-0.3211605,-0.9291315999999998,-54.12849,-148.9,-273.1,-96.0,-0.11579645000000001,-0.01604737,-0.1346605,0.01354342,-5.988828250000001,-29.975,-133.775,-51.62499999999999,0.055382055,0.15655260000000001,-0.032560530000000004,0.07496842000000001,4.492616,-1.2,0.25,-7.15,0.22128865000000003,0.5054026,0.06653947,0.1260684,30.040544999999998,15.200000000000001,162.79999999999998,66.35000000000001,0.46378059999999993,1.3664530000000001,0.49123950000000005,0.3973684,72.65366999999999,186.2,241.2,136.9
-0.00913106622,0.017492630231999998,-0.04348852999999999,-0.020955579756000008,-0.8632915516,-2.662,-2.1960000000000006,0.01399999999999995,0.004997468718216479,0.00623315639246268,0.01303781063378545,0.012550137522415565,3.3517275003193934,4.947350971242395,6.119955982234659,5.803201438755637,-0.01583206,-0.0021473679999999998,-0.06556053,-0.04193158,-8.751647,-9.8,-17.5,-11.3,-0.011609455000000001,0.015677629999999998,-0.05106053,-0.02888158,-1.75086825,-6.2749999999999995,-6.2,-5.0249999999999995,-0.010443005,0.018852630000000002,-0.04356053,-0.024281579999999997,0.28475629999999996,-4.65,-2.25,2.6,-0.00714842375,0.02042763,-0.035885530000000006,-0.01190658,1.20545575,2.45,-1.2249999999999999,4.225,0.01151236,0.02785263,-0.01096053,0.008268421,3.130978,5.4,12.7,7.1
-0.006222017806451618,0.2542418925118279,0.014457766236559146,0.008811422182795707,7.012694316129035,-5.475268817204303,-1.5720430107526733,3.937634408602153,0.28431344513239093,0.4142908815027719,0.21450103512918586,0.24541037125860973,28.728004168480673,59.96637219945784,158.5542667803645,59.24435748949558,-0.844867,-0.4484474,-0.3385605,-0.8228315999999999,-40.7649,-127.3,-251.0,-75.7,-0.1412678,-0.01544737,-0.1468605,0.02096842,-9.016909,-29.2,-133.3,-36.5,0.04732475,0.1555526,-0.02826053,0.06306842,0.10484500000000001,-0.3,0.3,-7.8,0.19654979999999997,0.5091526,0.05593947,0.1049684,10.51436,15.6,152.5,34.1,0.39196590000000003,1.254553,0.5518395,0.3770684,98.02703000000001,176.9,239.1,164.7
-0.0025346541482142862,0.008032988220357144,-0.0191676715,-0.00530300782142857,-0.8890896903571425,-1.0517857142857145,-3.1732142857142853,-0.9571428571428571,0.006520975671360214,0.006153000513215545,0.01374218374438427,0.006275804112932166,1.4928401540502882,3.9796752298479,8.81615234712923,3.122228641261189,-0.007142862,-0.00034736839999999995,-0.04246053,-0.01583158,-4.0376389999999995,-6.9,-33.9,-9.1,-0.005784494749999999,0.0017776320000000001,-0.03001053,-0.008906579,-1.490733,-3.925,-7.6,-3.2250000000000005,-0.005070846,0.007952632,-0.01711053,-0.004331579,-0.9433882,-1.1,0.2,-0.35,-0.00267244375,0.01380263,-0.008460526,-0.0026065790000000004,-0.36779585,0.3,1.9,1.2249999999999999,0.02384023,0.01745263,0.02143947,0.01836842,4.551775,12.9,7.4,5.9
0.0017075845604395566,0.20901086430769233,0.008613105886813181,-0.03981510391098904,-4.385224911560444,-9.170329670329677,0.35824175824176163,3.121978021978026,0.19802118616737263,0.32438285212606616,0.11176175755133061,0.22358000607360512,34.78808845674124,29.51626856311804,119.70262232896067,50.48735331677473,-0.5755901999999999,-0.3201474,-0.1865605,-0.8223315999999999,-78.44199,-66.3,-170.4,-92.0,-0.10621615000000001,-0.004547368,-0.048910529999999994,-0.05893158,-25.53479,-37.05,-115.3,-41.150000000000006,0.03910326,0.1611526,-0.009460526,0.04426842,-1.393312,-8.1,-4.1,-8.2,0.15630195000000002,0.3536026,0.03038947,0.07811842,5.7731405,10.0,114.65,38.5,0.25848289999999996,1.038153,0.3678395,0.1772684,89.68462,52.0,173.1,113.8
-0.0006162091512427742,0.016475751508670502,0.005429934934624281,-0.011207013250433518,-0.5493148191950868,-0.37716763005780324,0.7583815028901728,-0.230057803468208,0.0024705739555921776,0.003865827294611975,0.012222160802517848,0.005235105044770973,1.0923089373576815,2.262427594663322,2.2585494213800748,2.149652751765002,-0.01382552,0.002552632,-0.05746053,-0.03453158,-7.84783,-5.7,-5.5,-13.8,-0.00078594345,0.01585263,0.005039474,-0.01183158,-0.679766775,-1.2,0.0,-0.2,0.00010261625,0.01665263,0.006639474,-0.01113158,-0.41691625,-0.75,0.6499999999999999,0.2,0.00055964345,0.01725263,0.01073947,-0.009831579,-0.164666975,-0.2,1.2,0.4,0.003556818,0.04045263,0.02853947,0.004368421,2.979319,12.1,14.8,4.4
0.00011602881092396011,-0.0017447105079034931,-0.0025970049916805337,0.002330112221697172,0.2313447204725458,-0.034608985024958384,0.28801996672213015,0.28752079866888547,0.0009936783968455575,0.0037518804776063767,0.008894089292800491,0.005418310646365715,0.458152714346378,1.8280864918959572,3.3478933036962215,1.3672334633546297,-0.005220354,-0.01121842,-0.0271,-0.01007105,-1.774146,-6.3,-36.6,-4.4,-0.0003865383,-0.003018421,-0.0069,2.894737e-05,-0.007033561,-0.6,0.2,-0.3,0.0001518963,-0.001518421,-0.0002,0.001428947,0.2020914,-0.0,0.7,0.2,0.0005407418,-0.0002184211,0.0041,0.004128947,0.41894030000000004,0.5,1.1,0.7,0.008984162,0.005581579000000001,0.0113,0.01712895,2.40611,5.9,6.0,7.5
0.0030566130523809443,0.07494230412857143,0.00833452380952381,-0.0010472638999999995,-5.596659161785715,-5.627380952380951,5.014285714285727,-4.903571428571429,0.09802900286759327,0.21529239792074856,0.09654444197194434,0.2237520784548886,23.849640829016487,19.59300558252208,79.19237541316737,33.30549882754293,-0.2637587,-0.3232184,-0.1819,-0.5913710999999999,-82.36819,-51.6,-127.0,-88.4,-0.0309015225,-0.012843420000000001,-0.058750000000000004,-0.02579605,-17.5773425,-16.575,-52.12500000000001,-31.7,0.022617075,0.02728158,0.011,0.03637894999999999,-4.691216,-8.100000000000001,-4.949999999999999,1.7000000000000002,0.06319888,0.1392066,0.06315,0.10907889999999999,5.293615,3.6750000000000003,57.224999999999994,15.325000000000001,0.1712406,0.5950816,0.2034,0.3422289,37.72136,55.2,150.9,53.2
0.003470881628070176,-0.008483332740350874,0.005654385964912282,0.011965790789473687,0.8908881948421055,2.5017543859649125,-8.563157894736843,1.1263157894736846,0.004973482804856646,0.0069027032606798515,0.010181251504874722,0.006881047547307788,2.8551990787487473,2.112927152762775,12.153874038155008,2.0773890133487165,-0.00284861,-0.01621842,-0.0239,0.001928947,-6.2363919999999995,-2.2,-57.4,-3.2,0.0005184481,-0.01451842,0.0022,0.005228947,-0.938624,0.8,-9.1,0.0,0.002586339,-0.01101842,0.0065,0.01192895,0.7764818,2.8,-4.4,1.2,0.0045500409999999995,-0.003918421,0.0108,0.01822895,3.714964,3.9,-2.2,2.6,0.01877836,0.0058815790000000005,0.0305,0.02362895,5.239027,6.5,4.3,6.7
0.012910400923913058,0.29819792923804345,-0.03035652173913043,-0.019659114795652147,-8.712521821739129,6.070652173913041,5.267391304347832,10.228260869565217,0.3090818440029444,0.3641848465723093,0.12685285869540872,0.38567076896976027,33.82487042107353,48.101814039136926,165.622812643202,41.27471973557035,-0.8513683000000001,-0.3111184,-0.355,-1.299671,-156.8772,-145.2,-246.1,-77.2,-0.14733927500000005,0.004606579,-0.08372500000000001,-0.01277105,-13.306964999999998,-13.899999999999999,-138.52499999999998,-4.875,0.026438775,0.3016816,0.0026500000000000004,0.05767895,-3.657077,2.35,-0.7500000000000001,9.7,0.26231479999999996,0.4884566,0.04255,0.1681789,2.8013285,27.199999999999996,188.4,28.324999999999996,0.4877791,1.130782,0.1565,0.5598289000000001,47.98778,127.5,244.2,111.0
0.0038973390452380946,-0.0050803254797619065,0.008197619047619047,0.008469424155,1.8750490047619048,0.8714285714285717,-7.604761904761905,3.5880952380952373,0.0052029611968925134,0.007005118114002563,0.013192523531137942,0.0053315939047249,2.6577966055336217,2.1434284952584055,11.197995299267447,2.0869165468785065,-0.002788133,-0.01431842,-0.0097,-7.105263000000001e-05,-6.995017,-2.5,-47.6,-0.3,0.0008503427,-0.01039342,-0.00375,0.004078947,0.6443188999999999,-0.6,-9.3,2.225,0.0035371639999999998,-0.007218421,0.0074,0.008678947,2.5404895,0.3,-2.6,3.4,0.005123097,-1.84210625e-05,0.01905,0.01165395,3.7109097500000003,2.075,-0.8,4.3500000000000005,0.01978112,0.008781579,0.0324,0.02152895,5.058572,5.2,1.7,7.9
-0.6339398610404041,0.5578493762515149,-0.20599494949494954,-0.28640237504242416,-11.83275401010101,30.652525252525244,63.57575757575759,-18.449494949494945,1.0402599372241232,0.7193533615002067,0.27023657903344905,0.7055878151424505,29.56077204293296,70.52802503251175,173.5317962341978,56.5920135234671,-3.0171639999999997,-0.3908184,-0.7297,-1.632771,-132.7156,-131.8,-285.8,-109.8,-1.1370055,-0.00301842105,-0.3173,-0.6721210999999999,-23.152365000000003,-13.9,-59.7,-35.7,-0.15541770000000002,0.3208816,-0.0927,0.05312895,-14.71274,-1.8,158.2,6.1,0.0657892,1.0678320000000001,-0.025599999999999998,0.12717889999999998,5.8340025,65.0,176.3,20.1,0.4368827,1.821782,0.0598,0.5565289000000001,57.22745,138.9,268.6,62.8
-0.6228702416666665,0.013795468555555553,-0.0016361111111111108,-0.000787718550833333,-14.372386655555557,1.197222222222222,-30.755555555555556,8.161111111111113,0.05306556301392446,0.006077272047999583,0.009593454696608154,0.010196372522053507,23.995456581301774,5.736673307320248,50.90592131959528,10.863497931218438,-0.6778101,0.003781579,-0.0194,-0.01377105,-97.20081,-18.7,-213.9,3.2,-0.660629125,0.007956579,-0.0053750000000000004,-0.007746053000000001,-13.922719999999998,0.3,-24.6,4.4,-0.6443405,0.01653158,-0.00115,-0.003671053,-8.812105500000001,3.7,-16.65,4.55,-0.5964132499999999,0.01893158,0.00675,0.004403947,-1.9171852500000002,4.5,-9.175,6.275,-0.44967159999999995,0.02038158,0.0122,0.02592895,2.486683,5.6,-4.2,49.7
-0.6132867925662651,0.40184429514457826,-0.08005783132530116,-0.07407829667469878,1.547521337349394,13.314457831325303,11.765060240963871,8.019277108433732,0.6833673137802365,0.43782081723092153,0.13303496708914622,0.3979206402741542,102.98221509898869,42.672248171753694,196.43561933827928,46.321452275748776,-2.3780240000000004,-0.33671840000000003,-0.4112,-1.2934709999999998,-175.1537,-34.8,-308.7,-110.8,-0.7070616,0.04228158,-0.1215,-0.01697105,-68.77496500000001,-15.85,-113.6,-3.15,-0.4455198,0.35138159999999996,-0.0408,0.04062895,5.598378,1.0,2.9,4.4,-0.18373865,0.6383315999999999,0.0176,0.1307289,96.01889,17.950000000000003,216.45,34.3,0.19213339999999998,1.344782,0.0842,0.2994289,160.392,165.2,277.5,108.5
-0.4056857342105264,-0.00769736790263158,0.02416315789473684,0.010605263657894737,-5.167404639473684,-0.6973684210526322,-12.021052631578948,3.892105263157895,0.027166154861073447,0.004781447846567553,0.027706038185210485,0.007199491781188363,14.322859501127697,5.653579915469264,19.21341251531444,3.2261919296592656,-0.4375335999999999,-0.01221842,-0.015,0.0043289470000000005,-42.59015,-8.4,-69.5,-3.0,-0.41991069999999997,-0.01181842,-0.0046,0.006878947,-12.68838,-6.2,-18.15,2.375,-0.41231019999999996,-0.009668421,0.02855,0.007528946999999999,3.1077390000000005,-1.5,-3.5999999999999996,4.4,-0.4066356,-0.0034434210000000003,0.049624999999999996,0.01075395,5.53785325,3.8,2.4,5.975,-0.31186240000000004,0.004181579,0.0598,0.03712895,5.86637,10.1,2.4,8.9
-0.3568347871547619,0.4139780761190476,-0.08504404761904762,-0.027382979869047606,-10.263345869047612,4.646428571428571,6.423809523809543,9.507142857142863,0.7014119680083791,0.5311271448377474,0.14446817997186528,0.5037444230174796,98.92907811153012,55.64073320788016,202.5412554250815,42.36254820632919,-2.3677,-0.3958184,-0.4934,-1.6139709999999998,-187.061,-164.5,-324.7,-119.1,-0.39394105,-0.00991842075,-0.1015,0.01685394925,-89.8962425,-16.675,-173.675,-4.125,-0.15487565000000003,0.3056816,-0.053849999999999995,0.10037892500000001,1.1834584999999997,-6.1,2.05,8.2,-0.016560609,0.7207816,0.02275,0.1754789,77.7899625,16.75,232.39999999999998,42.099999999999994,0.5900018,1.626682,0.0651,0.6514289000000001,140.8685,159.6,290.1,90.6
-0.25989906363636367,0.0061543066,0.010900000000000002,-0.000834688848484849,-1.8280291803030302,-0.18181818181818188,-11.299999999999997,5.845454545454542,0.021155603334501276,0.0067059804570122165,0.011555220681579388,0.0064919570564276816,5.008413531551367,1.8271313830453164,9.567196559076228,1.3079303567781497,-0.2863565,-0.01221842,-0.0007,-0.01137105,-22.32935,-5.9,-49.5,4.0,-0.2747682,0.0048815790000000005,0.0049,-0.004971053,-2.857713,-0.6,-13.5,4.8,-0.264317,0.005681579,0.0074,-0.0007710525999999999,-0.6444973,0.6,-8.0,5.6,-0.2490866,0.01138158,0.0116,0.003828947,0.5266495,0.7,-6.5,6.7,-0.20166789999999998,0.01528158,0.0472,0.01142895,3.5572760000000003,1.9,-2.5,8.5
-0.2092592436746988,0.42674188450602396,-0.12210963855421685,-0.007392759746987938,-4.751557703156626,7.789156626506024,8.433734939759033,8.773493975903614,0.6451898083121286,0.5044092195034703,0.17913163957327366,0.4896307767167353,91.36836162870277,60.616811264010174,203.94365929135526,52.99691220719291,-2.1965630000000003,-0.37141840000000004,-0.6676,-1.608471,-163.3579,-162.4,-322.8,-179.6,-0.1376427,-1.842100000000002e-05,-0.18005,0.0130789485,-74.36031500000001,-28.25,-169.14999999999998,-5.75,-0.03183981,0.3476816,-0.1231,0.09292895,-8.941403999999999,-2.8,-10.4,14.2,0.025935535000000003,0.7693316,-0.01565,0.19117889999999998,96.920195,28.6,222.10000000000002,35.4,0.6577879,1.506082,0.362,0.7135289,155.521,136.4,298.3,121.3
-0.16204714769230769,0.006189271397435896,0.019561538461538457,0.003549461215384614,-3.7293872279487177,1.3333333333333333,-13.787179487179488,3.3282051282051284,0.024467889366658165,0.020321539075775226,0.0726911513306907,0.019720509852483317,9.992372234495827,3.723561773450489,17.602888212287922,2.9286200017601893,-0.1843287,-0.006918421,-0.0196,-0.07167105,-35.577090000000005,-3.9,-70.7,-2.0,-0.17973255,-0.004218421,-0.016399999999999998,0.0049289469999999995,-6.529766500000001,-2.1,-17.25,0.9,-0.1719895,0.0002815789,-0.0094,0.008928947,-0.02948696,1.1,-7.9,3.5,-0.15428375,0.007131579000000001,0.0123,0.01127895,3.6273990000000005,4.5,-2.75,6.0,-0.09570806,0.09278158,0.3049,0.03262895,5.473511,7.7,2.7,7.7
-0.14738674391764695,0.373052235235294,-0.07178117647058829,-0.05833342017211765,-12.895871802352934,4.775294117647062,6.11882352941177,12.187058823529407,0.5509226737493664,0.502085755199125,0.11135685718201903,0.45558103711114517,64.45671628288379,60.60210766781559,192.48838956583086,58.056890793664195,-1.7506529999999998,-0.3335184,-0.3932,-1.501971,-172.3884,-165.8,-317.6,-162.0,-0.171703,-0.001918421,-0.1044,-0.007971053,-62.296730000000004,-18.6,-129.1,-8.1,-0.007963890999999999,0.26048160000000004,-0.0542,0.07902895,2.444297,-7.0,-2.8,11.1,0.10993039999999998,0.6209816,0.0024,0.1189289,28.37785,20.0,213.6,45.0,0.6491504,1.583482,0.0965,0.4755289000000001,93.7053,183.0,283.2,168.7
-0.07875156974358975,-0.005041497899999999,-5.128205128200227e-06,0.011093051487179487,0.9130066464102563,-1.8076923076923082,-6.097435897435899,4.507692307692309,0.012148602412679428,0.004498330881474905,0.030051140172063777,0.009251102432419438,5.663293151641813,3.9879677330284546,11.360052056484859,2.9808498095416573,-0.09108859,-0.008818421,-0.0283,-0.02127105,-16.283079999999998,-10.7,-45.9,-1.7,-0.084127185,-0.007618420999999999,-0.02095,0.009378946999999999,0.408898015,-4.85,-8.75,2.7,-0.08290535,-0.006518421,-0.0059,0.01152895,2.730925,-3.0,-0.1,5.0,-0.078345935,-0.0040184209999999995,0.00485,0.01447895,4.223019000000001,1.2,0.25,6.85,-0.03638641,0.01368158,0.117,0.03462895,6.014704,5.2,3.1,8.4
-0.15829176523333335,0.41180315501075276,-0.10125591397849465,-0.04766569538279569,-20.363849335483867,10.831182795698927,11.14623655913978,-5.662365591397851,0.588813255294742,0.5259420335622897,0.14320552914875573,0.483057465104786,63.73758430749399,59.09031771363927,189.12078068464484,58.54333013280681,-2.243313,-0.3601184,-0.5933,-1.6279709999999998,-171.4042,-166.5,-299.4,-152.1,-0.1413254,-0.01381842,-0.1907,-0.001171053,-67.78446,-12.4,-158.9,-18.7,0.01443555,0.2881816,-0.0741,0.07152895,-12.05795,-2.5,1.9,4.2,0.1343944,0.7438816,0.0096,0.1493289,10.92866,28.8,187.0,19.1,0.5872352,1.649882,0.1057,0.5588289000000001,106.5567,143.4,284.0,92.3
-0.12447565305555558,0.0023454679013888893,-0.016169444444444445,0.006776169733333332,0.13134282527777863,-1.0083333333333335,-8.833333333333334,4.777777777777778,0.016433394413178454,0.004200554635310698,0.011594797341774692,0.005112030724378072,6.679078849970538,3.825730555817317,11.269985422731095,3.090179015721638,-0.14613879999999999,-0.0047184209999999996,-0.0323,0.0009289474000000001,-21.55005,-7.5,-46.3,-3.0,-0.133274625,-0.001193421,-0.026175000000000004,0.003278947,-0.6357246999999999,-3.8499999999999996,-10.875,3.0,-0.12912780000000001,0.001381579,-0.015550000000000001,0.005828946999999999,3.373867,-1.7000000000000002,-3.55,6.199999999999999,-0.12091569999999999,0.006356579,-0.008150000000000001,0.008553947,4.17256775,2.3000000000000003,-2.0,7.2,-0.07630136,0.01028158,0.0178,0.02442895,6.1183760000000005,5.1,1.1,8.7
-0.1836759646195651,0.31458925010869565,-0.08591086956521739,-0.06257215288043477,-11.209027759782613,4.880434782608704,11.233695652173905,5.929347826086956,0.5123265724421157,0.4609272230508412,0.10507931013770393,0.4390078569213605,49.74295905472421,54.55550100511199,171.6119698412249,54.756695687805326,-1.840023,-0.3415184,-0.3751,-1.489771,-131.8084,-132.4,-261.7,-163.7,-0.145627175,0.000656579,-0.139775,0.01687895,-51.962892499999995,-27.900000000000002,-122.82499999999999,-1.5,-0.010115033,0.19963160000000002,-0.051199999999999996,0.054678950000000004,-5.940731500000001,-11.4,2.75,8.15,0.049162822499999995,0.46405659999999993,-0.012499999999999999,0.10872889999999999,28.8492775,28.0,177.20000000000002,35.4,0.3294092,1.4741819999999999,0.0617,0.45052890000000007,87.9728,169.1,277.4,139.9
-0.09408741374999999,-0.00387592088,-0.010535000000000003,0.013208948799999998,0.5519585799999994,0.31750000000000045,-7.984999999999999,3.675,0.015900324512417605,0.005841666587260699,0.017535598225558353,0.006105324613222684,4.951372654329603,3.6587715116359725,11.378782549451074,2.206139452086219,-0.11428540000000001,-0.01341842,-0.044,0.005428947,-14.14631,-11.4,-45.8,-0.2,-0.10204022499999998,-0.008643420999999998,-0.026125000000000002,0.007628947,-0.8316424,-0.7,-11.2,1.625,-0.09602285499999999,-0.006118421,-0.012199999999999999,0.012178950000000001,2.626965,-0.25,-4.25,4.65,-0.093041515,0.002106579,0.003025,0.01652895,3.7705909999999996,1.9000000000000001,-1.2,5.0,-0.04365388,0.005481579,0.0307,0.02772895,6.895236,6.3,5.7,8.8
-0.0993886452988506,0.25628508867701155,-0.08272643678160915,-0.06705957305747125,-4.567643080459771,4.1666666666666785,0.8000000000000295,12.410344827586204,0.4425460021241142,0.47136580536023587,0.1212025456979657,0.4085785398002024,46.23975367496206,46.07442328038577,178.8203450783872,62.869303402732456,-1.427925,-0.34121840000000003,-0.3739,-1.4018709999999999,-99.173,-96.7,-275.0,-147.0,-0.18143225000000002,-0.05791842,-0.15755,-0.012521051500000002,-34.524105,-21.4,-147.9,-10.75,0.008570469,0.05458158,-0.087,0.05772895,-10.82969,-10.9,-8.3,11.9,0.11434545000000002,0.5493316,0.02105,0.1204289,15.83674,30.55,192.9,41.85,0.5327357,1.322682,0.1798,0.3346289,88.8901,113.4,262.1,149.5
-0.024596100969454547,-0.0017456935931818183,0.01540227272727272,0.0037744020856818185,1.9827296295454544,-1.8522727272727273,-5.961363636363637,5.2340909090909085,0.007649386022929624,0.006966643411166604,0.030276788934808792,0.005750205830605631,4.415645227539784,2.81114796019751,10.090525510299043,4.891137841739097,-0.0358274,-0.01831842,-0.031,-0.01797105,-10.08655,-5.9,-39.3,-2.6,-0.027653125,-0.0047184209999999996,-0.015200000000000002,0.001403947,-0.416265175,-5.025,-7.674999999999999,0.775,-0.02531409,-0.002118421,0.02565,0.002678947,3.4316060000000004,-1.7,-1.9,4.9,-0.0234786275,0.002081579,0.03475,0.0066539469999999995,5.225868999999999,0.575,0.275,10.2,-6.563656e-06,0.01748158,0.0959,0.01662895,8.099712,2.6,4.8,13.3
-0.028112021386363626,0.315249812875,-0.08196249999999998,-0.0913631087863637,-14.253116047727277,1.6215909090909058,1.657954545454561,0.5318181818181783,0.3243287250432741,0.39370953872552356,0.06876676107074493,0.3670090319860236,28.085323272473577,29.677533004884495,167.32989627939017,42.642552126117316,-0.9325589,-0.2534184,-0.26,-1.2667709999999999,-108.6753,-108.7,-261.5,-106.1,-0.17157204999999998,-0.004518421,-0.115275,-0.05704605,-27.270557500000002,-14.649999999999999,-138.625,-10.174999999999999,0.04597838,0.29193159999999996,-0.08554999999999999,0.02707895,-16.44622,2.5,-11.6,0.9,0.208456475,0.5300815999999999,-0.043,0.09050395,1.8760599999999998,21.924999999999997,163.72500000000002,33.925000000000004,0.4450041,1.225682,0.1143,0.28942890000000004,43.05791,72.2,241.0,74.4
-0.0046607015372549,0.0006619712715686276,0.01017254901960784,0.0058877712352941175,1.325810082352941,-0.5607843137254903,-7.805882352941177,3.668627450980392,0.009059414841450847,0.009853751111486713,0.03876812648778052,0.010820391786415641,3.0926298624258672,5.165271664931963,14.266175545880627,4.76774538733261,-0.01320894,-0.01221842,-0.0248,-0.02457105,-6.355748999999999,-7.1,-57.5,-4.1,-0.01021891,-0.002568421,-0.01895,0.003528947,-0.4167659,-5.15,-8.85,-0.19999999999999998,-0.00747594,-0.001018421,-0.0073,0.006728947,1.9771740000000002,-1.7,-0.8,3.7,-0.0026184465,0.00118157895,0.030449999999999998,0.008378947,3.220096,2.25,0.05,7.75,0.02613381,0.04848158,0.1181,0.03882895,5.898707,10.9,1.9,10.9
-0.02330871640000001,0.18795335825882356,0.21158823529411772,-0.10573813955294122,-123.80524446505883,-96.00117647058823,1.2576470588235256,-49.33176470588234,0.13924321313139476,0.25531641204373756,0.3233764739549911,0.33107536266440474,105.44956766097869,80.70271355282867,136.64812247283214,88.8857442260042,-0.351914,-0.2745184,-0.2077,-0.9285711,-346.3321,-245.8,-244.4,-254.7,-0.1047761,-0.01331842,-0.0557,-0.3192711,-192.0556,-161.5,-104.4,-96.1,-0.0070556740000000005,0.18328160000000002,0.0352,-0.009271053000000001,-122.9157,-88.3,7.4,-4.8,0.03543909,0.41538159999999996,0.5371,0.07072895,-20.04857,-13.3,94.9,15.1,0.340597,0.7163816,0.7582,0.4423289000000001,1.499514,8.9,214.8,45.7
0.0025962999884615386,-0.02523380461538461,-0.03352884615384615,0.038267411538461533,-2.2308153634615384,-1.9192307692307689,-4.807692307692308,-0.6461538461538462,0.009745967682877475,0.006054730272497682,0.015971842092226074,0.015635682592574803,2.587215662010232,2.63260390454971,15.295018363081441,2.2134580822210355,-0.01190906,-0.04151842,-0.0732,0.02192895,-15.066379999999999,-10.5,-64.3,-8.7,-0.002454468,-0.02609342,-0.0449,0.02962895,-2.556134,-3.9,-1.65,-1.7,-0.0009825783000000001,-0.02346842,-0.02915,0.03127895,-1.6901865,-1.95,1.5,-0.4,0.00600488575,-0.02151842,-0.026,0.04172895,-0.835753475,0.35,2.725,0.4,0.03186661,-0.01561842,-0.0035,0.08602895,0.8215148000000001,2.8,5.3,8.1
-0.0011032967682926866,0.19508037459756095,-0.0017182926829268279,-0.05744546417073166,-79.54823150853659,-69.12804878048779,9.113414634146352,-42.68292682926831,0.18922529976469638,0.27128386871438365,0.13042809203584485,0.3086114845200912,108.5479733102431,104.81684233996486,99.0098059268768,83.99500250401151,-0.5510512,-0.2769184,-0.2445,-0.9597711,-423.4618,-334.3,-142.8,-323.7,-0.07890106,-0.01239342025,-0.08420000000000001,-0.07317105,-85.790425,-74.14999999999999,-83.75,-71.3,0.038631885000000005,0.1781316,-0.01205,0.05167895,-44.13545,-39.35,0.6500000000000001,-25.35,0.1095667,0.3717566,0.042875,0.09952895,-11.707215,-6.675,105.72500000000001,14.700000000000001,0.33603249999999996,0.7188816,0.2794,0.3400289,36.19876,61.9,157.4,58.5
0.00013433996326530544,-0.013734746593877547,-0.026853061224489792,0.024845276530612248,1.338221604081633,-0.7816326530612244,-3.6653061224489796,3.1408163265306106,0.008248067222383845,0.011052306389650731,0.017572280515545127,0.004418915163757932,1.4461204152226135,1.899086783758156,6.4105236077227,0.814176057779412,-0.007922151,-0.02891842,-0.0468,0.01052895,-4.51221,-4.0,-27.3,0.0,-0.005236649,-0.01641842,-0.0381,0.02212895,0.9155833000000001,-2.2,-4.8,2.8,-0.002193792,-0.01531842,-0.0292,0.02462895,1.6653950000000002,-1.3,-1.7,3.2,-0.0005448251999999999,-0.01401842,-0.0205,0.02702895,2.259863,0.1,-0.2,3.5,0.0272568,0.02708158,0.0487,0.03682895,3.34416,3.4,3.9,5.2
-0.02201531005161291,0.2949676503010752,-0.08895483870967744,-0.03269796088172044,-13.820967758064516,-6.136559139784941,2.2010752688172155,0.06989247311828536,0.3635540684083589,0.3968855117213746,0.10546902854282474,0.3875447232079966,38.0434274906243,52.93347503552113,164.90527880299075,52.54531333286711,-1.041917,-0.30131840000000004,-0.3674,-1.2610709999999998,-105.9728,-110.4,-266.1,-136.0,-0.16649760000000002,-0.02291842,-0.1473,0.01092895,-22.37128,-48.3,-136.2,-28.4,0.05542002,0.25748160000000003,-0.0708,0.1038289,-13.26936,-5.9,-3.8,-1.2,0.2363794,0.5191816,-0.0044,0.1552289,3.916262,22.7,169.6,32.4,0.4210246,1.222882,0.0886,0.33892890000000003,60.77842,88.4,250.8,103.8
-0.00927372535,0.0014915790575000007,-0.0099375,0.005771447225,1.7697571824999998,-1.3025,-7.375,5.140000000000001,0.005259505230552573,0.005319234706387856,0.018988197245009452,0.004031345015847132,3.125548090191616,2.726930038687725,10.177293731258212,2.271314992437596,-0.01379138,-0.009618421,-0.0273,0.001128947,-10.38687,-6.1,-40.5,-0.4,-0.0123632675,-0.0015684210000000002,-0.023325000000000002,0.003528947,1.5980462500000001,-3.05,-9.875,3.375,-0.010535275,8.157895000000001e-05,-0.016649999999999998,0.005028947,2.6801335,-1.75,-3.6999999999999997,5.5,-0.0092655625,0.006006579,-0.0041,0.007028947,3.34740825,1.4,-0.6,6.525,0.009709048,0.01118158,0.0395,0.02062895,4.696153,2.7,1.4,9.7
-0.03200031845652176,0.3442501116619564,-0.09871195652173911,-0.060230848082608666,-15.408390168478256,1.2760869565217343,4.1684782608696,6.317391304347831,0.38953449427567083,0.42055764593760836,0.10372977980362233,0.41468567481712315,34.679846135611875,65.6119400309861,177.36300389119265,47.376441051922605,-1.20224,-0.25871839999999996,-0.35,-1.4382709999999999,-130.3852,-121.5,-278.6,-144.4,-0.148217675,-0.000518421075,-0.141725,-0.005471053,-26.915697500000004,-27.7,-147.8,-2.325,0.046629275,0.28393159999999995,-0.07835,0.05037895,-17.699265,-11.75,4.55,7.7,0.239703375,0.5888316,-0.025599999999999998,0.10927890000000001,4.86742125,23.3,179.15,36.45,0.5195307,1.288582,0.0806,0.4306289000000001,61.39326,185.2,269.4,100.1
-0.014546632342857142,-0.0022527066471428572,-0.02649714285714286,0.010048948542857141,2.502836437142857,-0.2142857142857144,-4.137142857142858,4.211428571428573,0.0026629305653489105,0.004691415159516504,0.013912319671983612,0.003218129901045375,1.466708935881649,2.517368240274525,6.147744001056079,1.790624509620535,-0.01763781,-0.01391842,-0.0429,0.0032289470000000002,-2.035457,-4.6,-23.0,1.4,-0.015795655,-0.004368420999999999,-0.0376,0.008528947,1.5611169999999999,-1.6,-6.75,2.2,-0.01540046,-0.0012184210000000001,-0.0275,0.01012895,2.681233,-1.3,-2.9,4.9,-0.014116070000000001,0.000681578975,-0.0195,0.01137895,3.9044795,2.0,0.8,5.9,-0.002842405,0.004981579,0.0109,0.01832895,4.426838,4.7,1.9,6.4
-0.04243875065591399,0.34334722830967734,-0.12389784946236553,-0.06902805926881718,-3.964282865053762,7.191397849462365,4.515053763440868,7.664516129032262,0.37506853847728927,0.44420630052959204,0.11161655828003943,0.4004652301496409,27.752685960785517,54.73047528752781,176.13314439233088,48.28528591511733,-1.051067,-0.2729184,-0.3988,-1.288171,-110.5387,-117.3,-283.2,-107.6,-0.16964229999999997,-0.01291842,-0.185,-0.0033710529999999997,-15.02297,-21.8,-124.0,-5.8,0.04670146,0.25738160000000004,-0.1143,0.05372895,-2.066226,-3.2,0.5,3.7,0.2225055,0.6388815999999999,-0.0299,0.1197289,7.719685000000001,27.5,187.6,40.0,0.4989054,1.371882,0.1107,0.35912890000000003,51.405770000000004,148.7,263.4,142.6
-0.01525014536111111,0.0030899126000000004,-0.01774722222222222,0.006376170121388889,2.172307185555555,-0.12222222222222223,-6.388888888888888,4.641666666666666,0.0033516814170654035,0.006841110173398148,0.013638233779889559,0.004928720699935714,1.4278299724700763,1.6285157328265183,5.715981494410601,1.1524817940923344,-0.02103598,-0.01101842,-0.0312,-0.0003710526,-3.0378060000000002,-5.2,-26.5,2.1,-0.016893055,0.0007065789,-0.027725,0.001978947,1.56888125,-0.7,-8.4,3.8499999999999996,-0.015813225,0.001881579,-0.0207,0.0059289469999999995,2.501861,-0.3,-5.65,5.050000000000001,-0.0143079625,0.008781579000000001,-0.016274999999999998,0.01085395,3.0291425,0.6,-2.2249999999999996,5.425000000000001,-0.0026113020000000002,0.01398158,0.0172,0.01592895,4.170417,2.4,0.3,6.3
-0.02196938074111114,0.35701275322222237,-0.10073666666666664,-0.07122328568888892,-5.069986846666666,4.5288888888888845,2.6011111111111154,10.036666666666665,0.3569070869372708,0.47723079926119555,0.10549617326251085,0.46218203851864953,46.76971246033873,51.57625802644069,184.51404958195883,48.62349607737516,-1.154007,-0.3247184,-0.3777,-1.676771,-164.8068,-161.8,-302.7,-123.7,-0.11626885749999999,-0.003743421,-0.15587499999999999,-0.003996052999999999,-27.721719999999998,-19.1,-146.4,-2.4250000000000003,0.033105974999999996,0.22978160000000003,-0.09175,0.06682895,-4.091038,-6.300000000000001,0.5499999999999999,8.55,0.20325552499999996,0.6904066,-0.024475,0.1203289,12.1980575,23.0,173.425,34.675,0.5629394,1.467682,0.097,0.43652890000000005,93.02231,129.7,281.4,161.2
-0.010149071341463416,-0.00010866492682926828,-0.04187317073170733,0.013253339292682928,1.134182221951219,-0.5146341463414631,-7.439024390243903,3.6000000000000014,0.008612715056416038,0.0023086581417594504,0.011692498116105125,0.007934412541673479,3.4282001832108273,2.581720451134258,14.470398716842265,1.7657859439920796,-0.01965124,-0.005618421,-0.0574,0.0010289469999999999,-8.358964,-5.9,-48.2,-0.4,-0.01481924,-0.002218421,-0.0492,0.009228947,1.629126,-2.8,-10.3,3.0,-0.01238727,0.00018157889999999998,-0.044,0.01122895,2.569873,-1.1,-1.0,3.8,-0.009651459,0.0015815789999999998,-0.0379,0.01462895,2.907644,2.2,2.4,4.9,0.01899393,0.004181579,-0.0046,0.04182895,3.960743,3.4,4.4,5.9
-0.02254256621011235,0.34436702780898865,-0.1104808988764045,-0.045331745669662846,-5.613663135955055,1.6426966292134852,4.380898876404505,3.9955056179775266,0.35582831552620753,0.44150544402361686,0.10467066194454926,0.4220239027398074,43.115220698341915,56.34851149046452,178.05241495669225,57.51183457284794,-0.952091,-0.3599184,-0.3656,-1.2666709999999999,-147.3363,-152.8,-284.5,-138.0,-0.17514929999999998,-0.005118421,-0.1801,-0.005771053000000001,-29.9638,-38.0,-138.0,-12.1,0.0425758,0.3138816,-0.1059,0.06842895,-3.924815,-0.2,-2.6,0.4,0.2178295,0.5808816,-0.025,0.1404289,23.34614,28.5,159.4,46.3,0.4808238,1.339982,0.0642,0.5027289,80.73008,109.7,279.0,142.8
-0.0034861497414634133,0.011925482241463413,0.0028853658536585358,-0.004500320219512195,0.8890970463414639,-0.9073170731707316,-10.851219512195122,5.182926829268293,0.006450943148094311,0.00833903649953186,0.020008580171711452,0.008376999141913036,5.37312825300284,1.9976724260877252,13.959801609464575,3.396387966577463,-0.008970681,-0.01001842,-0.0287,-0.01667105,-16.655170000000002,-4.6,-56.5,-3.7,-0.00749394,0.01228158,-0.0092,-0.01037105,1.072262,-2.5,-10.4,3.5,-0.006251409,0.01518158,0.0003,-0.004371053,2.86357,-0.4,-4.2,5.6,-0.0031383179999999998,0.01718158,0.0111,0.0003289474,3.9187440000000002,0.3,-3.4,7.0,0.01693986,0.02108158,0.0477,0.01702895,5.1855080000000005,2.2,-1.8,10.9
-0.022828942988888882,0.35669052768777776,-0.0805311111111111,-0.053894399577777787,-7.49547886888889,1.4555555555555533,6.495555555555528,9.928888888888888,0.38205282169310495,0.4372966701212253,0.1297428109713658,0.4125328260790108,45.08727436703386,49.931728921184735,185.83701806528148,51.65376356942824,-1.061704,-0.3319184,-0.4981,-1.366871,-166.8857,-164.9,-295.5,-129.6,-0.16020025,0.012581580000000002,-0.11755,-0.0028460530000000003,-30.886834999999998,-24.724999999999998,-139.425,-7.275,0.035444045,0.30718159999999994,-0.0563,0.05652895,-4.000669,-0.55,-3.1,4.6,0.2363246,0.6152065999999999,0.007275,0.1374289,14.80625,21.575000000000003,205.14999999999998,36.85,0.5015347,1.345882,0.0775,0.45412890000000006,88.78338000000001,129.1,279.0,163.8
-0.00477592804761905,0.0093744365,0.00041428571428571344,-0.003668672,1.9695769190476202,1.2142857142857146,-8.547619047619047,4.32857142857143,0.005753321338820031,0.004918278596730008,0.009160854455529827,0.004490775849898347,3.7199496584470397,1.6687327495878537,11.599752690703452,2.276527706225546,-0.01125727,0.003781579,-0.0132,-0.008571053,-10.85032,-4.1,-47.7,-2.8,-0.00836192225,0.0053065790000000005,-0.008199999999999999,-0.007371053000000001,1.2382519250000001,0.15000000000000002,-9.850000000000001,3.575,-0.005583891,0.007431579000000001,0.0013,-0.005121053,3.302809,0.8,-3.4,4.4,-0.00340194375,0.01395658,0.006149999999999999,-0.0006960527,4.20127,2.375,-1.7249999999999999,6.15,0.01444093,0.01848158,0.021,0.009728947,5.46606,3.8,0.4,7.7
-0.03607143177526881,0.3083407723967741,-0.06552473118279571,-0.06436783886666665,-11.083160732580643,4.521505376344086,4.89892473118279,3.4344086021505387,0.3140324221417998,0.40822020501013995,0.10748206994648594,0.39794788199118625,29.968308388428348,47.53042926804744,168.11478059752204,44.6832633160377,-0.8692499,-0.28271840000000004,-0.3222,-1.289571,-150.0548,-134.8,-270.7,-101.3,-0.19302370000000002,0.005781579,-0.1345,-0.002571053,-29.24555,-16.6,-118.6,-8.4,0.02943719,0.2592816,-0.0214,0.03972895,-9.222108,0.3,-3.2,3.2,0.2102798,0.49258159999999995,0.0135,0.1022289,1.7439,19.5,156.3,32.2,0.3863054,1.284982,0.0871,0.4040289,40.66638,142.3,265.7,101.5
-0.0028824040355555545,0.010574912775555556,0.0054222222222222215,-0.0026266075955555554,0.08547620222222171,1.9000000000000004,-13.044444444444443,2.9466666666666663,0.008312394105363018,0.007359453251995237,0.011228897154802485,0.00822867849899362,4.807620675323989,1.2338041689314911,15.59473331194564,2.95847012061056,-0.01168781,-0.0001184211,-0.0097,-0.01437105,-16.8835,-1.2,-76.6,-1.2,-0.007923042,0.004281579000000001,-0.0053,-0.01007105,-1.08499,1.0,-17.9,0.0,-0.005271946,0.007681579,0.0058,-0.002671053,1.743627,2.4,-5.1,2.8,-0.002657536,0.01768158,0.0141,0.005428947,3.532337,2.7,-3.3,5.3,0.02181573,0.02438158,0.0331,0.01572895,5.008191,3.7,-1.6,7.7
-0.031724001540898904,0.33505691161797757,-0.051396629213483154,-0.06486769395505616,-4.645203008988759,9.852808988764048,14.058426966292142,7.0528089887640375,0.3525629289219983,0.3939758021683586,0.10055088088922737,0.35857674815826446,40.00299573647992,44.722073789856516,167.4079121412648,45.06931048620266,-1.022483,-0.2755184,-0.3349,-1.141371,-157.6422,-146.9,-266.1,-103.5,-0.1573826,0.01718158,-0.0896,-0.02177105,-21.46445,-13.1,-116.7,-9.8,0.03611185,0.29238159999999996,-0.0277,0.03352895,-4.665722,4.3,-2.1,9.0,0.21834299999999998,0.5764815999999999,0.0198,0.08012895,19.584239999999998,30.1,176.1,36.7,0.5315516,1.173582,0.0768,0.41492890000000004,76.58953000000001,118.3,254.8,114.1
-0.012938285859574468,0.008819877244680852,0.017161702127659575,-0.005613605319148937,0.6741533914893603,1.8468085106382979,-10.204255319148936,2.9042553191489366,0.008554827614021682,0.008958590050324268,0.019702952252760513,0.005464817090113943,4.772598746893121,2.97195961291461,14.635379370713263,2.907184312878558,-0.02213345,-0.004618421,-0.0114,-0.01517105,-13.09109,-0.9,-57.3,-1.2,-0.0172051,0.002381579,0.002,-0.010421050000000001,-0.22587069999999998,-0.5,-13.3,-0.4,-0.01521475,0.004081579,0.0166,-0.006071053000000001,1.9540369999999998,0.1,-5.1,3.9,-0.013243600000000001,0.017031579999999998,0.02655,-0.0008710528,4.503446,4.45,1.3,5.6,0.01466255,0.02538158,0.0704,0.002628947,4.82674,7.6,2.4,6.7
-0.042239106914893604,0.2775337229255319,-0.014349999999999991,-0.09950936570851066,-13.260519475531913,7.073404255319147,12.788297872340417,2.658510638297869,0.27986624681310895,0.28068787715886706,0.09995529403914337,0.26830853324490594,35.89910947972296,37.55279344886761,151.98450391891996,63.09332123810509,-0.8571088,-0.22751839999999998,-0.2549,-0.9815710999999999,-151.2193,-142.1,-255.3,-114.2,-0.199571525,0.02275658,-0.065825,-0.09932105000000001,-30.647,-10.725000000000001,-110.32500000000002,-24.5,0.035903950000000004,0.28493159999999995,0.007350000000000001,-0.0083210515,-15.16062,8.85,2.6,-1.15,0.154767075,0.5020566,0.043050000000000005,0.03782895,5.50498125,26.525000000000002,160.8,27.425,0.3489514,0.8434815999999999,0.1623,0.20942889999999997,82.662,88.1,220.5,137.7
-0.016983063515789473,0.006465789824561403,0.01596842105263158,-0.002751754428070175,0.06595865150877232,2.9385964912280698,-10.428070175438597,1.4842105263157896,0.013068707032226535,0.009586687391098789,0.01717010647581946,0.006692278290863031,4.259396265478764,3.7353406034201075,17.476318204787514,4.611816711823947,-0.03216991,-0.001518421,-0.011,-0.02547105,-11.33688,-3.1,-63.5,-6.9,-0.02421994,-0.001018421,0.0038,-0.006071053000000001,-1.692568,-1.3,-12.0,-2.3,-0.02027079,0.0015815789999999998,0.0148,-0.003771053,0.59428,4.6,-2.0,1.6,-0.01607821,0.01228158,0.0277,-0.0006710526,3.036853,5.8,0.3,5.7,0.02573531,0.04938158,0.0486,0.02482895,5.624630000000001,8.3,3.0,8.8
-0.08273984115287356,0.30227010104367824,-0.03852988505747128,-0.1615250853287356,-10.001541631034483,8.449425287356322,11.686206896551731,4.964367816091957,0.29481910266995054,0.32855469376495844,0.08492978374083912,0.35773773406351794,32.808030311625025,39.68731527644458,152.10669768934136,46.431402207266,-0.847175,-0.1860184,-0.2069,-1.143271,-127.9415,-109.4,-246.0,-87.2,-0.19519915,0.006981579,-0.10725,-0.1360211,-26.015295000000002,-8.8,-122.7,-13.4,0.0290416,0.31458159999999996,-0.0262,-0.02287105,-7.915592,9.2,-0.8,8.6,0.094938145,0.4645816,0.02635,0.031228950000000002,5.7657085,24.6,150.45,27.15,0.27186459999999996,0.9781815999999999,0.1243,0.23832889999999998,59.589040000000004,105.7,228.8,117.0
-0.015742875021875005,0.013880017258593754,-0.006382812499999999,-0.006810114940625004,1.1686098328124996,-2.146875,-4.0796874999999995,3.904687499999999,0.00876689889965892,0.00799288388387687,0.023788476299727534,0.006280268557682731,2.9237170460719653,2.129980158637746,8.970519258872896,2.2679568938192416,-0.03059623,-0.0009184211,-0.0296,-0.03367105,-8.484755999999999,-6.4,-36.6,-0.9,-0.01924941,0.01015658,-0.02225,-0.008671053,1.0364555,-3.625,-5.6499999999999995,2.5,-0.01626834,0.01273158,-0.0113,-0.006371053000000001,2.3052975,-2.3,-1.8,4.15,-0.012923279999999999,0.01810658,-0.002675,-0.0022460529999999996,2.9686067499999997,-0.575,-0.1,5.450000000000001,0.01016671,0.04568158,0.0729,0.0034289470000000003,5.2841,1.9,6.5,8.3
-0.0337542116,0.1688847804042553,-0.08280744680851065,-0.18978597481914894,-3.282416060638298,-6.530851063829788,2.0808510638297943,-0.29361702127659994,0.09923595332974373,0.22134076714924739,0.09702266140273202,0.18918781504579052,19.695945516559192,12.666618788215214,91.74946166270915,28.910472889429876,-0.20566610000000002,-0.09181842,-0.2494,-0.7768710999999999,-73.4377,-37.2,-122.6,-105.2,-0.12126495,0.024081579999999998,-0.153275,-0.2672461,-9.833815750000001,-15.725000000000001,-93.24999999999999,-12.825,-0.003654668,0.07343158,-0.09145,-0.1774711,-7.398408,-7.5,3.9,0.8500000000000001,0.022942597500000002,0.2940816,0.000375,-0.02529605,3.0634665000000005,2.6750000000000003,82.975,18.5,0.1798255,0.7978816,0.1565,0.05052895,37.70913,20.0,155.5,41.2
-0.003270725957677904,0.022142254157303396,-0.002090636704119851,-0.020765057490636694,0.38450016049662916,0.27790262172284586,0.7988764044943818,0.07677902621722844,0.0022311273985021686,0.0015374731230020607,0.004847612617497856,0.0017146103833993816,0.35872887558902894,0.8789938400995476,0.5619838080017948,0.5621388730920089,-0.009045764,0.01808158,-0.0194,-0.02377105,-0.4201561,-1.4,-0.9,-1.3,-0.0043363655,0.02143158,-0.0052,-0.02197105,0.1322267,-0.3,0.5,-0.3,-0.002534966,0.02268158,-0.0026,-0.02117105,0.36060790000000004,0.2,0.8,0.0,-0.0017812265,0.02318158,0.0021,-0.01987105,0.6022576500000001,0.7,1.1,0.4,0.0001222335,0.02598158,0.0059,-0.01477105,1.5576969999999999,3.0,3.1,1.6
